{
  "short_name": "OpenRent",
  "name": "OpenRent: Property to Rent",
  "icons": [
    {
      "src": "https://staticcdn.openrent.co.uk/images/logos/meta/android-chrome-192x192.png",
      "sizes": "192x192",
      "type": "image/png"
    },
    {
      "src": "https://staticcdn.openrent.co.uk/images/logos/meta/android-chrome-512x512.png",
      "sizes": "512x512",
      "type": "image/png"
    }
  ],
  "theme_color": "#468cc8",
  "background_color": "#efeeef",
  "start_url": "https://www.openrent.co.uk/?utm_source=web_app_manifest",
  "display": "standalone",
  "scope": "https://www.openrent.co.uk/",
  "prefer_related_applications": true,
  "related_applications": [
    {
      "platform": "play",
      "id": "uk.co.openrent"
    }
  ]
}
